{
  "id": "",
  "name": "",
  "font_family": "iconfont",
  "css_prefix_text": "icon-",
  "description": "",
  "glyphs": [
    {
      "icon_id": "258564",
      "name": "qq",
      "font_class": "tubiao215",
      "unicode": "e612",
      "unicode_decimal": 58898
    },
    {
      "icon_id": "778500",
      "name": "右箭头",
      "font_class": "youjiantou",
      "unicode": "e619",
      "unicode_decimal": 58905
    },
    {
      "icon_id": "1049698",
      "name": "weibo",
      "font_class": "weibo",
      "unicode": "e63e",
      "unicode_decimal": 58942
    },
    {
      "icon_id": "5802479",
      "name": "放大镜",
      "font_class": "Magnifier",
      "unicode": "e62d",
      "unicode_decimal": 58925
    },
    {
      "icon_id": "13253930",
      "name": "weixin",
      "font_class": "weixin",
      "unicode": "e61b",
      "unicode_decimal": 58907
    }
  ]
}
